{"accuracy": [0.44233956933021545, 0.4793985188007355, 0.47774094343185425, 0.4994080066680908, 0.5117215514183044, 0.5243902206420898, 0.5564764142036438, 0.5728155374526978, 0.5972057580947876], "loss": [8.113029479980469, 1.4048688411712646, 1.3034579753875732, 1.2651935815811157, 1.2054363489151, 1.143388271331787, 1.0489580631256104, 1.0191951990127563, 0.944735586643219], "val_accuracy": [0.40459364652633667, 0.19611307978630066, 0.1678445190191269, 0.19964663684368134, 0.1613663136959076, 0.18904593586921692, 0.18904593586921692, 0.18786807358264923, 0.13250882923603058], "val_loss": [21.320606231689453, 4.795591831207275, 11.716806411743164, 3.861058473587036, 5.121830940246582, 4.922613620758057, 11.06956958770752, 14.39282512664795, 14.10141658782959], "learning_rate": [0.0010000000474974513, 0.0010000000474974513, 0.0010000000474974513, 0.0010000000474974513, 0.0010000000474974513, 0.0010000000474974513, 0.0005000000237487257, 0.0005000000237487257, 0.0002500000118743628]}